,uniqueid,Difference_Year1,Difference_Year1,Difference_Year1,Difference_Year1,Difference_Year1,Difference_Year1,Difference_Year1,Difference_Year1,Difference_Year1,Difference_Year1,Difference_Year1,Difference_Year1,Difference_Year1,Difference_Year1,Difference_Year1,Difference_Year1,Difference_Year1,Difference_Year1,Difference_Year1,Difference_Year1,Difference_Year1,Difference_Year1,Difference_Year1,Difference_Year1,Difference_Year1,Difference_Year1,Difference_Year1,Difference_Year1,Difference_Year1,Difference_Year1,Difference_Year1,Difference_Year1,Difference_Year1,Difference_Year1,Difference_Year1,Difference_Year1,Difference_Year1,Difference_Year1,Difference_Year1,Difference_Year1,Difference_Year1,Difference_Year1,Difference_Year1,Difference_Year1,Difference_Year1,Difference_Year1,Difference_Year1,Difference_Year1,Difference_Year1,Difference_Year1,Difference_Year1,Difference_Year1,Difference_Year1,Difference_Year1,Difference_Year1,Difference_Year1,Difference_Year1,Difference_Year1,Difference_Year1,Difference_Year1,Difference_Year1,Difference_Year1,Difference_Year1,Difference_Year1,Difference_Year1,Difference_Year1,Difference_Year1,Difference_Year1,Difference_Year1,Difference_Year1,Difference_Year1,Difference_Year1,Difference_Year1,Difference_Year1,Difference_Year1,Difference_Year1,Difference_Year1,Difference_Year1,Difference_Year1,Difference_Year1,Difference_Year1,Difference_Year1,Difference_Year1,Difference_Year1,Difference_Year1,Difference_Year1,Difference_Year1,Difference_Year1,Difference_Year1,Difference_Year1,Difference_Year1,Difference_Year1,Difference_Year1,Difference_Year1,Difference_Year1,Difference_Year1,Difference_Year1,Difference_Year1,Difference_Year1,Difference_Year1
filename,,002,003,004,005,006,007,008,009,010,011,012,013,014,015,016,017,018,019,021,022,023,024,025,026,027,028,029,030,031,032,033,034,035,036,037,038,039,040,041,042,043,044,045,046,047,048,049,050,051,052,053,054,055,056,057,058,059,060,061,062,063,064,065,066,067,068,069,070,071,072,073,074,075,076,077,078,079,080,081,082,083,084,085,086,087,088,089,090,091,092,093,094,095,096,097,098,099,100,101,102
0,,,,,,,,,,,,,,,,,,,,,,,,,,,,0.0,,,,,,,,,,,,,,,,,,,,,,,,,,,,,,,,,,,,,,,,,,,,,,,,,,,,,,,,,,,,,,,,,,,,,,,,,
1,"0Account Payables, Accruals & Provisions",0.0,0.0,0.0,0.0,0.0,0.0,0.0,0.0,0.0,0.0,0.0,0.0,0.0,0.0,0.0,0.0,0.0,0.0,,0.0,0.0,0.0,0.0,0.0,0.0,0.0,0.0,0.0,0.0,0.0,0.0,,0.0,0.0,0.0,,0.0,,0.0,0.0,0.0,0.0,0.0,0.0,0.0,,0.0,0.0,0.0,0.0,0.0,0.0,0.0,0.0,0.0,,0.0,0.0,,0.0,0.0,,0.0,0.0,0.0,0.0,0.0,0.0,0.0,0.0,0.0,0.0,0.0,0.0,0.0,,0.0,,0.0,0.0,0.0,0.0,0.0,0.0,0.0,0.0,,0.0,0.0,0.0,0.0,0.0,0.0,0.0,0.0,0.0,0.0,0.0,,0.0
2,0Accounts Receivable and Prepayments,0.0,0.0,0.0,,0.0,0.0,0.0,0.0,0.0,0.0,,0.0,0.0,0.0,0.0,,0.0,0.0,0.0,0.0,0.0,0.0,0.0,0.0,0.0,,,,,0.0,0.0,,0.0,,0.0,,0.0,0.0,0.0,0.0,0.0,,0.0,0.0,0.0,0.0,0.0,0.0,,0.0,0.0,0.0,0.0,0.0,0.0,0.0,,0.0,0.0,0.0,,0.0,0.0,0.0,0.0,0.0,0.0,0.0,,0.0,0.0,,0.0,0.0,,,0.0,,0.0,0.0,0.0,0.0,0.0,0.0,0.0,0.0,0.0,0.0,0.0,,,0.0,,,0.0,,0.0,0.0,0.0,
3,0Accumulated Amortisation - Intangibles,,,,,,,,,,,,,,,,,,,,,0.0,,,,,,0.0,,0.0,,,,,,,,0.0,,,,,,,,,,,,,,,,,,,,,,,,,,,,,,,,,,,,,0.0,,,,,,,,,,,,,,,0.0,,,,,,,,,,,
4,0Accumulated Change in Fair Value of Fin. Assets,,,,,,,,,,,,0.0,,,0.0,,,,,,,,0.0,,0.0,0.0,,,,,,,,,,,,,,0.0,,,,,0.0,,,,,,,,,,,,,,0.0,0.0,,,,,,,,,,,,,,,,,,,,,,,0.0,,,,,,,0.0,,,,,,,,0.0,,0.0
5,0Accumulated Depreciation and amortisation,0.0,,0.0,,,0.0,,0.0,,,,0.0,0.0,,,,0.0,,,0.0,0.0,0.0,0.0,0.0,0.0,0.0,0.0,0.0,0.0,0.0,0.0,,,0.0,0.0,,0.0,0.0,0.0,0.0,,,0.0,0.0,0.0,0.0,0.0,0.0,0.0,0.0,0.0,,0.0,0.0,0.0,0.0,0.0,0.0,0.0,0.0,0.0,0.0,0.0,0.0,0.0,0.0,0.0,0.0,0.0,0.0,0.0,0.0,0.0,0.0,0.0,0.0,0.0,0.0,0.0,0.0,0.0,0.0,0.0,0.0,0.0,0.0,0.0,0.0,0.0,0.0,0.0,0.0,0.0,0.0,0.0,,0.0,0.0,0.0,
6,0Available For Sale Investments,,,,,,,,,0.0,,,,,,,,,,0.0,,,,,,,,,,,,,,,,,,,,,,0.0,,,,,,0.0,,,,,,,,0.0,,,,,,,,,,,,,,,,,,,,,,,,,,,,,,,,,,,,,,,,,,,,,
7,0Capital Redemption Reserve,,,,,,,,,,,,,,,,,,,,,,,,,,,,,,,,,,,,,,,,,,,,,,0.0,,,,,,,,,,,,,,,,,,,,,,,,,,,,,,,,,,,,,,,,,,,,,,,,,,,,,,
8,0Capital Work In Progress,,,,,,,,,,,,,,,,,,,,,,,0.0,,,,,,,,,,,,,,,,,,,,,,,,,,,,,,,,,,,,,,,,,,,,,,,,,,,,,,,,,,,,,,,,,,,,,,,,,,,,,
9,0Cash And Bank Balance,0.0,0.0,0.0,0.0,0.0,0.0,0.0,0.0,0.0,0.0,0.0,0.0,0.0,0.0,0.0,0.0,0.0,0.0,0.0,0.0,0.0,0.0,0.0,0.0,0.0,0.0,0.0,0.0,0.0,0.0,0.0,0.0,0.0,0.0,0.0,0.0,0.0,0.0,0.0,0.0,0.0,0.0,0.0,0.0,0.0,0.0,0.0,0.0,0.0,0.0,0.0,0.0,0.0,0.0,0.0,0.0,0.0,0.0,0.0,0.0,0.0,0.0,0.0,0.0,0.0,0.0,0.0,0.0,0.0,0.0,0.0,0.0,0.0,0.0,0.0,0.0,0.0,0.0,0.0,0.0,0.0,0.0,0.0,0.0,0.0,0.0,0.0,0.0,0.0,0.0,0.0,0.0,0.0,0.0,0.0,0.0,0.0,0.0,0.0,0.0
10,0Construction in Progress,0.0,,,,,,,0.0,,,,0.0,0.0,,,,0.0,,,0.0,,0.0,,,0.0,0.0,0.0,0.0,0.0,0.0,0.0,,,,0.0,,,,,,,,,,0.0,,,,0.0,,,,,0.0,,0.0,,0.0,0.0,,0.0,,0.0,0.0,,,,,,,0.0,,0.0,,,0.0,0.0,0.0,0.0,0.0,0.0,,,0.0,0.0,0.0,0.0,,0.0,,,0.0,0.0,,0.0,,,0.0,,
11,0Contract assets,,,,,,,,,,,,,,,,,,,,,,,,,,,,,0.0,,,,,,,,,,,,,,,,,,,,,,,,,,,,,,,,0.0,,,,,0.0,,,,,,,,,,,,,,,,,,,,,,,,,,,,,,,,,,
12,0Current Portion - Borrowings,,,0.0,,,,,,,,,,,,,,,,,,,,,,,,,,,,,0.0,,,,,0.0,0.0,,0.0,,,,,,,,,,,,,,,,,,0.0,,,,,,,,,,,,,,,,0.0,,,,,,,,,,,,,,,,,,,,,,0.0,,,,
13,0Current Portion - HP Leasing Other,0.0,,,,,,,,,,,,,,,,,,,,,0.0,,,,,,,,,,,,,,,,,,,,,,,,0.0,,,,,,,,,0.0,,,,,0.0,,0.0,,,,0.0,,,,,0.0,,,,0.0,,,,,0.0,0.0,,,,0.0,,,,,,,,,,,0.0,,,,
14,0Current Portion - Long Term Debt,,,,,,0.0,,0.0,,,,0.0,0.0,0.0,0.0,0.0,0.0,,,0.0,0.0,,,,,,,,0.0,,,,0.0,,,,,,0.0,0.0,,,,,,,,,,0.0,0.0,,,0.0,,0.0,,0.0,,,0.0,,,,0.0,0.0,,,0.0,,0.0,0.0,0.0,,,0.0,0.0,0.0,0.0,,0.0,,,0.0,,0.0,0.0,,0.0,0.0,0.0,0.0,,,0.0,,,0.0,,
15,0Current tax assets,,,,,,,,,,,,,0.0,,,,,,,,,,,,,,,,,,,,,,,,,,,,,,,,,,,,,,,,,,,,,,,,,,,,,,,,,,,0.0,,,,,,,,,,,,,,,,,,,,,,,,,0.0,,,
16,0Deferred Income and gains,,0.0,,,,,,,,,0.0,0.0,0.0,,,0.0,0.0,0.0,,,,0.0,0.0,,,,0.0,0.0,,,0.0,,0.0,,,,,,,0.0,,,,,,,0.0,,,0.0,,,,,0.0,,,,,,,,,,,0.0,0.0,0.0,,,0.0,0.0,,,,0.0,,,,,,,,,0.0,0.0,,0.0,0.0,,,,,,,,,,,
17,0Deferred Income and gains - current portion,0.0,0.0,0.0,0.0,0.0,,,,,0.0,0.0,0.0,0.0,,,0.0,0.0,0.0,,0.0,,0.0,0.0,,0.0,,0.0,0.0,,,0.0,0.0,0.0,,0.0,,,,0.0,0.0,,,,0.0,0.0,0.0,0.0,,,,,,0.0,,,,,,0.0,,,,,0.0,0.0,0.0,,,,0.0,0.0,,,,0.0,,,,,,,,0.0,0.0,0.0,,0.0,0.0,0.0,,,,0.0,,,0.0,,,,
18,0Deferred Tax Asset,0.0,0.0,,,0.0,,,0.0,,,,,,0.0,,,,,,,0.0,,,0.0,,0.0,,,0.0,,0.0,,,,,,,0.0,0.0,,,0.0,,,0.0,,0.0,,0.0,,0.0,,,,0.0,0.0,,,0.0,0.0,0.0,,0.0,0.0,0.0,0.0,,,,,,0.0,,0.0,0.0,0.0,,0.0,,0.0,,,,,0.0,0.0,0.0,0.0,,,,,0.0,,,,0.0,,0.0,
19,0Deferred Tax liability,0.0,,0.0,,0.0,,,0.0,,,,,,0.0,,0.0,,,,0.0,,,0.0,,0.0,0.0,,0.0,0.0,,0.0,,,,,,,,0.0,,,0.0,0.0,,,0.0,0.0,0.0,0.0,0.0,0.0,,,0.0,,0.0,,0.0,,,,0.0,,0.0,0.0,0.0,0.0,,,0.0,0.0,,0.0,0.0,0.0,0.0,0.0,,0.0,0.0,,,0.0,,0.0,0.0,,0.0,0.0,,,0.0,0.0,,0.0,,0.0,0.0,,
20,0Deferred charges,,,,,,,,,,,,,,,,0.0,,0.0,,,,,,,,,,,,,,,,,,,,,,,,,0.0,,,,,,,,,,,,,,,,,,,,,,,,,,,,,,,,,,,,,,,,,,,,,,,,,,,,,,,,,
21,0Dividends Payable,,,,,,,,,,,,,,,,,,,,,,,,,,,,,,,,,,,,0.0,,,,,,,,,,,,,,,,,,,,,,,,,,,,,,,,,,,,,,,,,,,,,,,,,,,,0.0,,,,0.0,,,,,,,,0.0
22,0Due To Employee,,,,,,,,0.0,,,,,,,,0.0,,,,,,,,,,,,,,,,,,,,,,,,,,,,,,,,,,,,,,,,,,,,,,,,,,,,,,,,,,,,,,,,,,,0.0,,0.0,0.0,,0.0,,,,0.0,,,,,,,,
23,0Due from Group and Related Cos less than 1 year,,,,,,0.0,,,,,0.0,,,,,,,,,,,,,,,,,,,,,,,,0.0,,,,,,,,,,,,,,,,,,,,,,,,,,,,,,,,,,,,,,,,,,,,,,,,,,,,,,,,,,,,,,,,,
24,0Due to Group and Related Cos less than 1 year,,,,,,,,,,,,,,,,,,,,,,,,,,,,,,,,,,,,,,0.0,,,,,,,,,,,,,,,,,,,,,,,,,,,,,,0.0,,,,,,,,,,,,,,,,,,,,,,,,,,0.0,,,,,,
25,0Equity Attributable To Owners of Parent,,,,,,,,,,,,,,,,,,,,,,,,0.0,,,,,,,,,,,,,,,,,,,,,,,,,,,,,,,,,,,,,,,,,,,,,,,,,,,,,,,,,,,,,,,,,,,,,,,,,,,,
26,0Financial Lease Receivables,,,,,,,,,,,,,,,,,,,,,,,,,,,,,,,,,,,,,,,,,,,,,,,,,,,,,,,,,,,,,,,,,,,,,,,,,,,,,,,,,,,0.0,,0.0,0.0,,,,,,,0.0,,,,,,,
27,0General reserve,,,,,,,,,,,,,,,,,,,,,,,,,,,,,,,,,,,,,,,,,,,,,,,,,,,,0.0,,,,,,,,,,,,,,,0.0,,,,,,,,,,,,,,,,,,,,,,,,,,,,,,,,,
28,0HP Leasing Other greater than 1 year,0.0,,,,,,,,,,,,,,,,,,,,,,,,,,,,,,,,,,,,,,,,,,,,,0.0,,,,,,,,,,,,,,0.0,,0.0,,,,0.0,,,,,0.0,0.0,,,0.0,,,,0.0,0.0,,,,,,,,,0.0,,,,,,,0.0,,,,
29,0Intangibles - Goodwill,0.0,0.0,0.0,0.0,0.0,,,0.0,,,,0.0,,0.0,,0.0,0.0,0.0,,0.0,0.0,0.0,0.0,0.0,0.0,0.0,,,0.0,,,,0.0,,,,,0.0,0.0,,,,,0.0,,0.0,0.0,0.0,0.0,0.0,0.0,,,0.0,0.0,,,0.0,,,0.0,,0.0,0.0,0.0,0.0,,,,0.0,0.0,0.0,0.0,0.0,0.0,0.0,0.0,0.0,0.0,0.0,,,0.0,,0.0,0.0,0.0,,0.0,,,0.0,0.0,,0.0,,0.0,0.0,0.0,
30,0Intangibles - Other,0.0,0.0,0.0,0.0,0.0,,0.0,0.0,0.0,,,0.0,,0.0,,0.0,,0.0,,0.0,,0.0,0.0,0.0,0.0,0.0,0.0,0.0,,,,0.0,0.0,,,0.0,,0.0,0.0,,0.0,,0.0,,,0.0,0.0,0.0,0.0,,0.0,,0.0,0.0,0.0,,,0.0,0.0,0.0,0.0,,0.0,0.0,0.0,0.0,,,,0.0,0.0,,0.0,0.0,0.0,0.0,0.0,0.0,0.0,0.0,0.0,,0.0,0.0,,0.0,0.0,0.0,0.0,0.0,,0.0,0.0,,0.0,,0.0,0.0,0.0,
31,0Investment in Group and Related Cos,,,,,,,,,,,,,,,,,,,,,,,,,,,,,,,,,,,,,,,,,0.0,,,,,,,,,,,,,,,,,,,,,,,,,,,,,,,,,,,,,,,,,,,,,,,,0.0,,,,,,,,,,,
32,0Investment in a joint venture,,,,,,,,,,,,,,,,,,,,,0.0,,,,,,,,,,,,,,,,,,,,,,,,,,,,,,,,,,,,,,,,,,,,,,,,,,,,,,,,,,,,,,,,,,,,,,,,,,,,,,,
33,0Investment in subsidiaries,,,,,,,,,,,,,,,,,,,,,,,,,,,,,,,,,,,,,,,,,,0.0,,,,,,,,,,,,,,,0.0,,,,,,,,,,,,,,,,,,,,,,0.0,,,,,,,,,,,,,,,,,,0.0,,,
34,0Leased Assets,0.0,,,,,,,,,,,0.0,0.0,,,,0.0,,,0.0,0.0,0.0,0.0,,0.0,0.0,0.0,0.0,,0.0,0.0,0.0,,,0.0,,,0.0,0.0,0.0,,,,0.0,,0.0,0.0,0.0,,,,,0.0,,0.0,,0.0,,0.0,0.0,0.0,,0.0,,,0.0,0.0,0.0,,,0.0,0.0,,,0.0,0.0,,,0.0,0.0,,0.0,0.0,,0.0,,,,0.0,0.0,0.0,,0.0,0.0,,,0.0,,0.0,
35,0Liquid Assets,0.0,0.0,0.0,0.0,0.0,0.0,0.0,0.0,0.0,0.0,0.0,0.0,0.0,0.0,0.0,0.0,0.0,0.0,0.0,0.0,0.0,0.0,0.0,0.0,0.0,0.0,0.0,0.0,0.0,0.0,0.0,0.0,0.0,0.0,0.0,0.0,0.0,0.0,0.0,0.0,0.0,0.0,0.0,0.0,0.0,0.0,0.0,0.0,0.0,0.0,0.0,0.0,0.0,0.0,0.0,0.0,0.0,0.0,0.0,0.0,0.0,0.0,0.0,0.0,0.0,0.0,0.0,0.0,0.0,0.0,0.0,0.0,0.0,0.0,0.0,0.0,0.0,0.0,0.0,0.0,0.0,0.0,0.0,0.0,0.0,0.0,0.0,0.0,0.0,0.0,0.0,0.0,0.0,0.0,0.0,0.0,0.0,0.0,0.0,0.0
36,0Loans from Group and Related Cos greater than 1 year,,,,,,,,,,,,,,,,,,,,,,,,,,,,,,,,,,,,,,0.0,,,,,,,,,,,,,,,,,,,,,,,,,,,,,,,,,,,,,,,,,,,,,,,,,,,,,,,,,,,,,,
37,0Loans greater than 1 year - Secured,,,,,,,,,,,,,,,,,,,,,,,,,,,,,,,,,,,,,,,,,,,,,,,,,,,,,,,,,,,,,,,,,,,,,,,,,,,,,,,,,,,,,,,,,,,,,,,,,,,0.0,
38,0Loans less than 1 year - Secured,,,,,,,,,,,,,,,,,,,,,,,,,,,,,,,,,,,,,,,,,,,,,,,,,,,,,,,,,,,,,,,,,,,,,,,,,,,,,,,,,,,,,,,,,,,,,,,,0.0,,,,
39,0Long Term Accruals,,,,0.0,,,,,,,0.0,,0.0,,,,,,,,,,,0.0,,0.0,,,,,,,,,0.0,,,,0.0,,,,,0.0,0.0,,,0.0,,0.0,,,0.0,,,,0.0,0.0,,,,,,,,,,,,0.0,,0.0,0.0,0.0,0.0,,,0.0,,,,,0.0,,0.0,,,,,0.0,0.0,,,,,0.0,,0.0,0.0,
40,0Long Term Debt,,,,,,,,,,,,,,,,,,,,,0.0,,,0.0,,,,,0.0,,,0.0,0.0,,,,,,,0.0,,,0.0,,,,,,,0.0,0.0,,,0.0,,,,0.0,,,,,,,0.0,,,,,,,0.0,,,,,,0.0,,0.0,0.0,,,0.0,,,,,0.0,,,,,,,,,,,
41,0Long Term Investments,,,,,0.0,,0.0,0.0,,0.0,0.0,,,,0.0,,0.0,,,0.0,,0.0,,0.0,0.0,,,0.0,,,0.0,,,,0.0,0.0,,0.0,0.0,0.0,0.0,0.0,0.0,0.0,,,,,,,,0.0,0.0,,0.0,,,,0.0,,0.0,0.0,,0.0,,,0.0,,,,,,,0.0,,,,,,,,,,,,0.0,0.0,0.0,0.0,,,0.0,0.0,0.0,,,,0.0,0.0,0.0
42,0Long Term Other Debtors,,,,,,,,,,,,,,,,,,,,,,,,,,,,,,,,,,,,,,,,,,,,,,,,,0.0,,,,,,,,,,,,,0.0,0.0,,,,,,,,,,,,,,,0.0,,,,,,,0.0,,,,,0.0,,,,,,0.0,,,,
43,0Long Term Prepayments,,,,,,,,,,,,,,,,,,,,,,,,,,,,,,,,,,,,,,,,,,,,,,,,,,,,,,,,,,,,,,,,,,,,,,,,,,,,,,,,,,,,,,,,,,,,,0.0,,,,,,,
44,0Long Term Tax Payable,,,,,,,,,,,,,,,,,,,,,,,0.0,,,0.0,,,,,0.0,,,,,,,,0.0,,,,,0.0,,,,,,,0.0,,,,,,,,0.0,,,,,,,,,,,,,,,,,,,,,,,,,,,,,0.0,0.0,,,,,,,,,,,
45,0Long Term Tax Recoverable,,,,,,,,,,,,,0.0,,,,,,,,,,,,,,,,,,,,,,,,0.0,,,,,,,,,,,,,,,,,,,,,,,,,,,,,,,,,,,,,,,,,,,,,,,,,,,,0.0,,,,,,,,,,,
46,0Long Term Trade Creditors,,,,,,,,,,,,,,,,,,,,,,0.0,,,,,,,,,,,,,,,0.0,,,,,,,,,,,,,,,,,,,,,,,0.0,,,,,,,,,,,,,,,0.0,,,,,,,,,,,,,,,,,,,,,,0.0,,,
47,0Long Term Trade Debtors,,,,0.0,,,,,,,,,,,,0.0,,,,,,,,,,,,,,,,,,,,,,,,,,,,,,,,,,,,,,,,,,,,,,,,,,,,,,,,,,,,,,,0.0,,,,,,,,,,,,,,,,,,,,,
48,0Long term deposits,,,,,,,,,,,,,,,,,,,,,,,,,,,,,,,,,,,,,,,,,,,,,,,,,,,,,,,,,,,,,,0.0,,,,,,,,,,,,0.0,,,,,,,0.0,,,,,,,,,,,,,,,,,,,
49,0Marketable Investments,,0.0,0.0,0.0,0.0,,0.0,,,0.0,0.0,0.0,0.0,,0.0,,0.0,,0.0,,,,0.0,0.0,0.0,0.0,0.0,0.0,,0.0,0.0,0.0,,,0.0,0.0,,,,0.0,0.0,,0.0,0.0,,,0.0,0.0,,,,,0.0,,,0.0,0.0,0.0,0.0,,0.0,0.0,0.0,0.0,0.0,,,0.0,0.0,0.0,,,,,,,,,0.0,,,,,,0.0,,,0.0,,0.0,,0.0,0.0,0.0,,,,0.0,0.0,
50,0Minority Interest,0.0,,,,,,0.0,0.0,,,,,,,,,,,,,,,,,,0.0,,,0.0,,0.0,,0.0,,,,,0.0,,,0.0,,,,,,,,,0.0,,0.0,,0.0,,0.0,,,,,,,,,,0.0,,,,,0.0,,0.0,0.0,,,0.0,,0.0,,,,,,,,,,0.0,,,,,,,,,0.0,,
51,0Non-current Portion - Long Term Debt,0.0,,,,,0.0,,0.0,,0.0,,0.0,0.0,0.0,0.0,0.0,0.0,0.0,0.0,,,,0.0,,,,,,,0.0,,,0.0,,,,,,0.0,,0.0,,,,,,,,0.0,,,0.0,,0.0,,0.0,,,,,0.0,,0.0,0.0,0.0,0.0,,,0.0,0.0,0.0,,0.0,,,0.0,0.0,,,,,,,,,,0.0,,,0.0,0.0,,,,0.0,,,0.0,0.0,0.0
52,0Notes Payable,,,,,,,,,,,,,,,,,,,,,,,,,,,,,,,,,,,,,,,,,,,,0.0,,,,,,,,,,,0.0,,,,,,,,0.0,,,,0.0,,,,,,,0.0,,,,,,,,,0.0,,,,,,,,,,,,,,,,,
53,0Notes Receivable,0.0,,0.0,,,,,,,,,,,,,,,,,,,,,,,,,,,,,,,,,0.0,,0.0,,,,,,,,,,,,,,0.0,0.0,,,,,,,,0.0,,,,,,,,,,,,,,,,,,,,,,,,,,,,,,,,,,,,,,0.0,0.0
54,0Ordinary Shares,0.0,0.0,0.0,0.0,0.0,0.0,0.0,0.0,0.0,0.0,0.0,0.0,0.0,0.0,0.0,0.0,0.0,0.0,0.0,0.0,0.0,0.0,0.0,0.0,0.0,0.0,0.0,0.0,0.0,0.0,0.0,,0.0,0.0,0.0,0.0,0.0,0.0,0.0,0.0,0.0,,0.0,0.0,0.0,0.0,0.0,0.0,0.0,0.0,0.0,0.0,0.0,0.0,0.0,0.0,0.0,0.0,0.0,0.0,0.0,0.0,0.0,0.0,0.0,0.0,0.0,0.0,0.0,0.0,0.0,0.0,0.0,0.0,0.0,0.0,0.0,0.0,0.0,0.0,0.0,0.0,0.0,0.0,0.0,0.0,0.0,0.0,0.0,0.0,0.0,0.0,0.0,0.0,0.0,0.0,0.0,0.0,0.0,0.0
55,0Other Creditors,,,,,,,,,,,,,,,,,,,,,,,,,,,,,,,,,,,,,,,,,,,,,,,,0.0,,,,,,,,,,,,,,,,,,,,,,,,,,0.0,,,,,,,,,,,,,,,,,,,,,,,0.0,,,0.0
56,0Other Current Assets,0.0,0.0,0.0,0.0,0.0,0.0,0.0,0.0,0.0,0.0,0.0,0.0,0.0,0.0,0.0,0.0,0.0,0.0,0.0,0.0,0.0,0.0,0.0,0.0,0.0,0.0,0.0,0.0,0.0,0.0,0.0,0.0,0.0,0.0,0.0,0.0,0.0,0.0,0.0,0.0,0.0,0.0,0.0,0.0,0.0,0.0,0.0,0.0,0.0,0.0,0.0,0.0,0.0,0.0,0.0,0.0,0.0,0.0,0.0,0.0,0.0,0.0,0.0,0.0,0.0,0.0,0.0,0.0,0.0,0.0,0.0,0.0,0.0,0.0,0.0,0.0,0.0,0.0,0.0,0.0,0.0,0.0,0.0,0.0,0.0,0.0,0.0,0.0,0.0,0.0,0.0,0.0,0.0,0.0,0.0,0.0,0.0,0.0,0.0,0.0
57,0Other Debtors,,,,,,,,,,,,,,,,,,,,,,,,,,,,,,,,,,,0.0,,,,,,,,,,,,,,,,,,,,,,,,,,,,,,,,,,,,,,,,,,,,,,,,,,,,,,,,,,,,,,,,,
58,0Other Fixed Assets,0.0,,,,,,,,,,,0.0,0.0,,,,,0.0,,,,0.0,,,,,,,,,,,,,,,0.0,0.0,,,,,,,,0.0,,,,0.0,,,,0.0,,0.0,,,,,,0.0,,,,,,,0.0,,,0.0,,0.0,,0.0,,,,,,,,0.0,,,,,,,,,,,,,,,,
59,0Other Non-Current Liabilities,0.0,0.0,0.0,0.0,0.0,0.0,0.0,,0.0,0.0,0.0,0.0,0.0,0.0,0.0,0.0,0.0,0.0,0.0,0.0,0.0,0.0,0.0,0.0,0.0,0.0,0.0,0.0,0.0,0.0,0.0,,0.0,,0.0,0.0,0.0,0.0,0.0,0.0,0.0,0.0,0.0,0.0,0.0,0.0,0.0,0.0,0.0,0.0,0.0,0.0,0.0,0.0,0.0,0.0,0.0,0.0,0.0,0.0,0.0,0.0,0.0,0.0,0.0,0.0,,0.0,0.0,0.0,0.0,0.0,0.0,0.0,0.0,0.0,0.0,0.0,0.0,0.0,0.0,0.0,0.0,0.0,,0.0,0.0,0.0,0.0,0.0,0.0,,0.0,0.0,0.0,0.0,0.0,0.0,0.0,0.0
60,0Other Non-Operating Current Assets,,,,,,0.0,,,,,,0.0,,0.0,,,,,,0.0,,0.0,,,,0.0,0.0,,0.0,,0.0,,,,,0.0,,0.0,,,0.0,,0.0,,0.0,,,,,0.0,0.0,,,,,0.0,,,,0.0,,0.0,,,,0.0,0.0,,,,,,0.0,,0.0,,,0.0,,,0.0,,0.0,0.0,0.0,,,0.0,,,,,,0.0,,,,,0.0,0.0
61,0Other Non-Operating Current Liabilities,0.0,0.0,,,0.0,0.0,,0.0,,,,,,,,,,,,,,0.0,,,0.0,0.0,,,0.0,,0.0,,,,,,,0.0,,,0.0,,0.0,,0.0,,,,,,,,,,,,,0.0,,,,,0.0,,0.0,0.0,,,,0.0,,,0.0,,,,,0.0,,,,,,,,,,,,,,,,,,,,,0.0,
62,0Other Non-Operating Non-Current Assets,,0.0,,0.0,0.0,0.0,,0.0,0.0,,0.0,0.0,0.0,0.0,0.0,,,0.0,,,0.0,0.0,0.0,0.0,0.0,0.0,0.0,0.0,0.0,0.0,0.0,,0.0,0.0,,0.0,,,,,0.0,0.0,0.0,0.0,0.0,,,0.0,,0.0,,,0.0,0.0,0.0,,0.0,0.0,0.0,,0.0,,0.0,,0.0,0.0,,,0.0,0.0,0.0,0.0,0.0,0.0,,,,0.0,0.0,0.0,0.0,0.0,,,,0.0,,0.0,,0.0,0.0,0.0,0.0,0.0,0.0,0.0,0.0,,0.0,
63,0Other Non-current assets,0.0,,,,,0.0,0.0,,,0.0,,0.0,0.0,0.0,,0.0,0.0,,,0.0,,,,,,0.0,,,,,,,,,0.0,,,,0.0,0.0,,,,0.0,,0.0,0.0,,0.0,0.0,0.0,0.0,,,0.0,0.0,,,,,,0.0,0.0,,0.0,0.0,0.0,0.0,,,,,0.0,,0.0,0.0,0.0,,0.0,,0.0,0.0,0.0,0.0,,,0.0,0.0,0.0,,0.0,0.0,,,,,0.0,0.0,,
64,0Other Operating Current Assets,,0.0,,,,0.0,,0.0,,0.0,,,,0.0,,0.0,,0.0,,,,,,,,0.0,,,0.0,,0.0,0.0,0.0,,,,,,,0.0,0.0,,,,,,,,,,,0.0,,,0.0,,,,,,,0.0,0.0,0.0,,,0.0,0.0,,0.0,,,0.0,,0.0,0.0,,0.0,0.0,,,,0.0,,0.0,,0.0,,0.0,,,,,,0.0,,,,0.0,0.0
65,0Other Operating Current Liabilities,,0.0,0.0,0.0,0.0,,0.0,0.0,,0.0,0.0,,0.0,0.0,0.0,0.0,0.0,0.0,0.0,0.0,0.0,0.0,,0.0,0.0,0.0,0.0,0.0,0.0,0.0,0.0,,0.0,0.0,0.0,,0.0,0.0,,0.0,0.0,,0.0,0.0,0.0,0.0,0.0,0.0,0.0,0.0,0.0,0.0,0.0,,,0.0,0.0,0.0,0.0,0.0,0.0,0.0,0.0,,0.0,0.0,0.0,0.0,0.0,,0.0,0.0,0.0,,0.0,0.0,,0.0,0.0,0.0,0.0,0.0,0.0,0.0,0.0,,0.0,,0.0,0.0,,0.0,,0.0,0.0,0.0,0.0,,0.0,
66,0Other Operating Non-Current Assets,,,,,,,,,,,,,,,,,,,,,,,,,,,,,,,,,,,,,,,,,,,,,,0.0,,,,0.0,,,,,,,,,,,,,,,,0.0,,,,,,,,,,,,,,,,,,,,,0.0,,,,,,,,,,,,,
67,0Other Reserves,0.0,0.0,,,0.0,,0.0,0.0,0.0,0.0,0.0,,,0.0,,0.0,0.0,0.0,0.0,,,,,,,,,0.0,0.0,0.0,0.0,0.0,0.0,,0.0,0.0,,,0.0,,0.0,0.0,0.0,0.0,,0.0,0.0,0.0,0.0,,0.0,,,,0.0,0.0,0.0,0.0,,,0.0,0.0,0.0,0.0,0.0,0.0,0.0,0.0,0.0,0.0,0.0,0.0,0.0,,0.0,0.0,0.0,0.0,0.0,,0.0,,,0.0,0.0,,0.0,0.0,0.0,,,0.0,0.0,0.0,0.0,,0.0,,0.0,
68,0Other financial Assets at FVOCI / FVTPL / Amortised Cost,,,,,,,,,,,,,,,,0.0,,,,,,,,,,,,,,,,,,,,,,,,,,,,,,,,,,,,,,,,,,,,,,,,,,,,,,,,,,,,,,,,,,,,,,,,,,,,,,,,,,,,
69,0Partners Current Account,,,,,,,,,,,,,,,,,,,,,,,,,,,,,,,,,,,,,,,,,,,,,,,,,,,,,,,,,,,,,,,,,,,,,,,,,,,,,,,,,,,,,,,,,,,,,,,,,,,,0.0
70,0Preference Shares,,,,,0.0,,,0.0,,0.0,0.0,,,,,,,,,,,,,,,,0.0,,0.0,,,,0.0,,,0.0,,,,,0.0,,,0.0,,,,,,0.0,,,,,,,,,,0.0,0.0,,,0.0,,,0.0,,0.0,,,,,,,,0.0,0.0,,0.0,,,0.0,,,,,,,,0.0,,,,0.0,0.0,,,0.0,
71,0Prepaid Expenses,0.0,,0.0,0.0,0.0,,0.0,,0.0,0.0,0.0,0.0,0.0,0.0,0.0,0.0,0.0,,0.0,0.0,0.0,0.0,0.0,0.0,0.0,,0.0,0.0,0.0,0.0,0.0,,0.0,0.0,0.0,,0.0,0.0,0.0,,,,0.0,0.0,0.0,0.0,,0.0,0.0,0.0,0.0,0.0,,0.0,0.0,,0.0,0.0,0.0,0.0,0.0,0.0,0.0,,0.0,0.0,0.0,0.0,0.0,,0.0,0.0,0.0,0.0,0.0,0.0,0.0,,0.0,0.0,0.0,0.0,,0.0,,0.0,0.0,0.0,,0.0,0.0,0.0,0.0,0.0,,0.0,0.0,,,
72,"0Property, Plant and Equipment",0.0,0.0,0.0,0.0,0.0,0.0,,0.0,0.0,0.0,0.0,0.0,0.0,0.0,0.0,0.0,0.0,0.0,0.0,0.0,0.0,0.0,0.0,0.0,0.0,0.0,0.0,0.0,0.0,0.0,0.0,,0.0,0.0,0.0,,0.0,0.0,0.0,0.0,,,0.0,0.0,0.0,0.0,0.0,0.0,0.0,0.0,0.0,,0.0,0.0,0.0,0.0,0.0,0.0,0.0,0.0,0.0,0.0,0.0,0.0,0.0,0.0,0.0,0.0,0.0,0.0,0.0,0.0,0.0,0.0,0.0,0.0,0.0,0.0,0.0,0.0,0.0,0.0,0.0,0.0,0.0,0.0,0.0,0.0,0.0,0.0,0.0,0.0,0.0,0.0,0.0,0.0,0.0,0.0,0.0,
73,0Provisions,,,,,,,,,,,,,,,,,,,,,,,,,,,,,,,,,,,,,,,,,,,,,,,,,,,,,,,,,,,,,,,,,,,,,,,,,,,,,,,,,,,,,,,,,0.0,,,,,,,,,,,
74,0Reserves and Surplus,,,,,,,,,,,,,,,,,,,,,,,,,,,,,,,,0.0,,,,,,,,,,,,,,,,,,,,,,,,,,,,,,,,,,,,,,,,,,,,,0.0,,,,,,,,,,,,,,,,,,,,,,,
75,0Retained Earnings,0.0,0.0,0.0,0.0,0.0,0.0,0.0,0.0,0.0,0.0,0.0,0.0,0.0,0.0,0.0,0.0,0.0,0.0,0.0,0.0,0.0,0.0,0.0,0.0,0.0,0.0,0.0,0.0,0.0,0.0,0.0,0.0,0.0,0.0,0.0,0.0,0.0,0.0,0.0,0.0,0.0,,0.0,0.0,0.0,0.0,0.0,0.0,0.0,0.0,0.0,0.0,0.0,0.0,0.0,0.0,0.0,0.0,0.0,0.0,0.0,0.0,0.0,0.0,0.0,0.0,0.0,0.0,0.0,0.0,0.0,0.0,0.0,0.0,0.0,0.0,0.0,0.0,0.0,0.0,0.0,0.0,0.0,0.0,0.0,0.0,0.0,0.0,0.0,0.0,0.0,0.0,0.0,0.0,0.0,0.0,0.0,0.0,0.0,0.0
76,0Stock - Finished Goods,0.0,,0.0,,0.0,,,,0.0,0.0,,0.0,,0.0,,,0.0,0.0,0.0,0.0,,0.0,,0.0,,0.0,,,0.0,0.0,0.0,0.0,0.0,,0.0,,,0.0,0.0,0.0,,,,,0.0,0.0,,0.0,0.0,0.0,0.0,,,0.0,,,0.0,0.0,0.0,0.0,0.0,,0.0,0.0,0.0,,0.0,0.0,,0.0,,0.0,0.0,0.0,,0.0,0.0,0.0,0.0,0.0,,,0.0,0.0,0.0,,0.0,0.0,,0.0,,0.0,0.0,,0.0,0.0,0.0,0.0,,
77,0Stock - Raw Materials,0.0,,,,0.0,,,,,,,0.0,0.0,,,,,,,,,,,,,,,,0.0,,,,,,,,,,0.0,,,,,,0.0,,,,,,,,,,,0.0,,,,0.0,,0.0,,,,,,0.0,,0.0,,,,,,,,0.0,0.0,,,,,,,,,,,0.0,,,,,,,,,,
78,0Stock - Work in Progress,0.0,,,,0.0,,,,,,,0.0,0.0,,,,,,,,,,,,,,,,0.0,,,,,,,,,,0.0,,,,,,0.0,,,,,,,,,,,,,,,0.0,,,,,,,,,,,,,,,,,,0.0,0.0,,,,,,,,,,,0.0,,,,,,,,,,
79,0Subordinated Debt,,,,,,,,,,,,,,,,,,,,,,,,,,,,,,,,,,,,,,,,,,,,,,,,,,,,,,,,,,,,,,,,,,,,,,,,,,,,,,,,,,,,,,,,,,,,,,,,,,,0.0,
80,0Tax Payable,,,,,,,,,,,,,,,,0.0,,,,,,,0.0,0.0,,0.0,,,,,0.0,,,,,,,0.0,0.0,,,,,,0.0,,,,0.0,0.0,0.0,,,,,,,,,,,,,,0.0,0.0,,,,0.0,,,,0.0,,0.0,0.0,,0.0,0.0,,,,,,0.0,0.0,0.0,,,,0.0,0.0,,,,0.0,,,
81,0Tax Recoverable,,,0.0,,,,,,,,,,,,,0.0,,,,,,,,,0.0,0.0,0.0,,,,0.0,,,,,,0.0,0.0,0.0,,,0.0,,,,,,,,,0.0,,,,,,,,,,,,,,,,,,,,,,,0.0,,0.0,,,,,,,,,,,,,0.0,,,,0.0,,,,,,,
82,0Total Capital and Reserves and Surplus,0.0,0.0,0.0,0.0,0.0,0.0,0.0,0.0,0.0,0.0,0.0,0.0,0.0,0.0,0.0,0.0,0.0,0.0,0.0,0.0,0.0,0.0,0.0,0.0,0.0,0.0,0.0,0.0,0.0,0.0,0.0,0.0,0.0,0.0,0.0,0.0,0.0,0.0,0.0,0.0,0.0,0.0,0.0,0.0,0.0,0.0,0.0,0.0,0.0,0.0,0.0,0.0,0.0,0.0,0.0,0.0,0.0,0.0,0.0,0.0,0.0,0.0,0.0,0.0,0.0,0.0,0.0,0.0,0.0,0.0,0.0,0.0,0.0,0.0,0.0,0.0,0.0,0.0,0.0,0.0,0.0,0.0,0.0,0.0,0.0,0.0,0.0,0.0,0.0,0.0,0.0,0.0,0.0,0.0,0.0,0.0,0.0,0.0,0.0,0.0
83,0Total Current Assets,0.0,0.0,0.0,0.0,0.0,0.0,0.0,0.0,0.0,0.0,0.0,0.0,0.0,0.0,0.0,0.0,0.0,0.0,0.0,0.0,0.0,0.0,0.0,0.0,0.0,0.0,0.0,0.0,0.0,0.0,0.0,0.0,0.0,0.0,0.0,0.0,0.0,0.0,0.0,0.0,0.0,0.0,0.0,0.0,0.0,0.0,0.0,0.0,0.0,0.0,0.0,0.0,0.0,0.0,0.0,0.0,0.0,0.0,0.0,0.0,0.0,0.0,0.0,0.0,0.0,0.0,0.0,0.0,0.0,0.0,0.0,0.0,0.0,0.0,0.0,0.0,0.0,0.0,0.0,0.0,0.0,0.0,0.0,0.0,0.0,0.0,0.0,0.0,0.0,0.0,0.0,0.0,0.0,0.0,0.0,0.0,0.0,0.0,0.0,0.0
84,0Total Current Liabilities,0.0,0.0,0.0,0.0,0.0,0.0,0.0,0.0,0.0,0.0,0.0,0.0,0.0,0.0,0.0,0.0,0.0,0.0,0.0,0.0,0.0,0.0,0.0,0.0,0.0,0.0,0.0,0.0,0.0,0.0,0.0,0.0,0.0,0.0,0.0,0.0,0.0,0.0,0.0,0.0,0.0,0.0,0.0,0.0,0.0,0.0,0.0,0.0,0.0,0.0,0.0,0.0,0.0,0.0,0.0,0.0,0.0,0.0,0.0,0.0,0.0,0.0,0.0,0.0,0.0,0.0,0.0,0.0,0.0,0.0,0.0,0.0,0.0,0.0,0.0,0.0,0.0,0.0,0.0,0.0,0.0,0.0,0.0,0.0,0.0,0.0,0.0,0.0,0.0,0.0,0.0,0.0,0.0,0.0,0.0,0.0,0.0,0.0,0.0,0.0
85,0Total Gross Fixed Assets,0.0,0.0,0.0,0.0,0.0,0.0,0.0,0.0,0.0,0.0,0.0,0.0,0.0,0.0,0.0,0.0,0.0,0.0,0.0,0.0,0.0,0.0,0.0,0.0,0.0,0.0,0.0,0.0,0.0,0.0,0.0,0.0,0.0,0.0,0.0,0.0,0.0,0.0,0.0,0.0,0.0,0.0,0.0,0.0,0.0,0.0,0.0,0.0,0.0,0.0,0.0,0.0,0.0,0.0,0.0,0.0,0.0,0.0,0.0,0.0,0.0,0.0,0.0,0.0,0.0,0.0,0.0,0.0,0.0,0.0,0.0,0.0,0.0,0.0,0.0,0.0,0.0,0.0,0.0,0.0,0.0,0.0,0.0,0.0,0.0,0.0,0.0,0.0,0.0,0.0,0.0,0.0,0.0,0.0,0.0,0.0,0.0,0.0,0.0,0.0
86,0Total Net Fixed Assets,0.0,0.0,0.0,0.0,0.0,0.0,0.0,0.0,0.0,0.0,0.0,0.0,0.0,0.0,0.0,0.0,0.0,0.0,0.0,0.0,0.0,0.0,0.0,0.0,0.0,0.0,0.0,0.0,0.0,0.0,0.0,0.0,0.0,0.0,0.0,0.0,0.0,0.0,0.0,0.0,0.0,0.0,0.0,0.0,0.0,0.0,0.0,0.0,0.0,0.0,0.0,0.0,0.0,0.0,0.0,0.0,0.0,0.0,0.0,0.0,0.0,0.0,0.0,0.0,0.0,0.0,0.0,0.0,0.0,0.0,0.0,0.0,0.0,0.0,0.0,0.0,0.0,0.0,0.0,0.0,0.0,0.0,0.0,0.0,0.0,0.0,0.0,0.0,0.0,0.0,0.0,0.0,0.0,0.0,0.0,0.0,0.0,0.0,0.0,0.0
87,0Total Net Intangible Assets,0.0,0.0,0.0,0.0,0.0,0.0,0.0,0.0,0.0,0.0,0.0,0.0,0.0,0.0,0.0,0.0,0.0,0.0,0.0,0.0,0.0,0.0,0.0,0.0,0.0,0.0,0.0,0.0,0.0,0.0,0.0,0.0,0.0,0.0,0.0,0.0,0.0,0.0,0.0,0.0,0.0,0.0,0.0,0.0,0.0,0.0,0.0,0.0,0.0,0.0,0.0,0.0,0.0,0.0,0.0,0.0,0.0,0.0,0.0,0.0,0.0,0.0,0.0,0.0,0.0,0.0,0.0,0.0,0.0,0.0,0.0,0.0,0.0,0.0,0.0,0.0,0.0,0.0,0.0,0.0,0.0,0.0,0.0,0.0,0.0,0.0,0.0,0.0,0.0,0.0,0.0,0.0,0.0,0.0,0.0,0.0,0.0,0.0,0.0,0.0
88,0Total Non-Current Assets,0.0,0.0,0.0,0.0,0.0,0.0,0.0,0.0,0.0,0.0,0.0,0.0,0.0,0.0,0.0,0.0,0.0,0.0,0.0,0.0,0.0,0.0,0.0,0.0,0.0,0.0,0.0,0.0,0.0,0.0,0.0,0.0,0.0,0.0,0.0,0.0,0.0,0.0,0.0,0.0,0.0,0.0,0.0,0.0,0.0,0.0,0.0,0.0,0.0,0.0,0.0,0.0,0.0,0.0,0.0,0.0,0.0,0.0,0.0,0.0,0.0,0.0,0.0,0.0,0.0,0.0,0.0,0.0,0.0,0.0,0.0,0.0,0.0,0.0,0.0,0.0,0.0,0.0,0.0,0.0,0.0,0.0,0.0,0.0,0.0,0.0,0.0,0.0,0.0,0.0,0.0,0.0,0.0,0.0,0.0,0.0,0.0,0.0,0.0,0.0
89,0Total Non-Current Liabilities,0.0,0.0,0.0,0.0,0.0,0.0,0.0,0.0,0.0,0.0,0.0,0.0,0.0,0.0,0.0,0.0,0.0,0.0,0.0,0.0,0.0,0.0,0.0,0.0,0.0,0.0,0.0,0.0,0.0,0.0,0.0,0.0,0.0,0.0,0.0,0.0,0.0,0.0,0.0,0.0,0.0,0.0,0.0,0.0,0.0,0.0,0.0,0.0,0.0,0.0,0.0,0.0,0.0,0.0,0.0,0.0,0.0,0.0,0.0,0.0,0.0,0.0,0.0,0.0,0.0,0.0,0.0,0.0,0.0,0.0,0.0,0.0,0.0,0.0,0.0,0.0,0.0,0.0,0.0,0.0,0.0,0.0,0.0,0.0,0.0,0.0,0.0,0.0,0.0,0.0,0.0,0.0,0.0,0.0,0.0,0.0,0.0,0.0,0.0,0.0
90,0Total Stock,0.0,0.0,0.0,0.0,0.0,0.0,0.0,0.0,0.0,0.0,0.0,0.0,0.0,0.0,0.0,0.0,0.0,0.0,0.0,0.0,0.0,0.0,0.0,0.0,0.0,0.0,0.0,0.0,0.0,0.0,0.0,0.0,0.0,0.0,0.0,0.0,0.0,0.0,0.0,0.0,0.0,0.0,0.0,0.0,0.0,0.0,0.0,0.0,0.0,0.0,0.0,0.0,0.0,0.0,0.0,0.0,0.0,0.0,0.0,0.0,0.0,0.0,0.0,0.0,0.0,0.0,0.0,0.0,0.0,0.0,0.0,0.0,0.0,0.0,0.0,0.0,0.0,0.0,0.0,0.0,0.0,0.0,0.0,0.0,0.0,0.0,0.0,0.0,0.0,0.0,0.0,0.0,0.0,0.0,0.0,0.0,0.0,0.0,0.0,0.0
91,0Trade Creditors,,,0.0,,,,,,0.0,0.0,,,,,,,,,0.0,,,,0.0,,,,,,,,,0.0,,,,0.0,,0.0,,,,,0.0,,,0.0,,,,0.0,,,,0.0,,0.0,0.0,,0.0,,,0.0,,,,,,,,0.0,,,0.0,,,0.0,,0.0,,,,,,,,,0.0,,,,,,0.0,0.0,,,,,,
92,0Trade Debtors,,,,,,,,,0.0,,,,,,,0.0,,,,,,,,,,0.0,,,0.0,,,0.0,,,,,,,,0.0,,,0.0,,,,,,0.0,,,,,0.0,,,,,,,,,,,,,,,,,,0.0,0.0,,0.0,,,0.0,,,,,0.0,,,,,,,0.0,,,0.0,0.0,,0.0,,0.0,,0.0
93,0Treasury Stock (-),0.0,,,,0.0,,0.0,,,0.0,,,,,,0.0,,0.0,,0.0,,,0.0,0.0,,,,,,,,,,,,,,,,,,,0.0,,,0.0,,,,0.0,,,0.0,0.0,,,,0.0,,,0.0,0.0,,0.0,0.0,0.0,0.0,,,,,0.0,,0.0,0.0,0.0,0.0,0.0,0.0,,,,0.0,,0.0,,0.0,0.0,,,,,,,0.0,,0.0,,,
94,0Vehicles,,,,,,,,,,,,,,,,,,,,0.0,0.0,,,,,0.0,,,0.0,,,,,,,,,,,,,,,,,,,,,,,,,0.0,,,,,,0.0,,,,,,,0.0,0.0,,,,,,,0.0,,,,,,0.0,,0.0,,,,0.0,0.0,,,,,,,,,,,,
95,1Financial Lease Receivables,,,,,,,,,,,,,,,,,,,,,,,,,,,,,,,,,,,,,,,,,,,,,,,,,,,,,,,,,,,,,,,,,,,,,,,,,,,,,,,,,,,0.0,,,,,,,,,,0.0,,,,,,,
96,1Notes Receivable,,,0.0,,,,,,,,,,,,,,,,,,,,,,,,,,,,,,,,,,,,,,,,,,,,,,,,,,,,,,,,,,,,,,,,,,,,,,,,,,,,,,,,,,,,,,,,,,,,,,,,,0.0
